{"rf":0.1,"R0a":0,"R1a":0.125,"R2a":0.4,"a":118811156.68900211,"b":131932314.15059212}
