{"R0c":0,"R1c":0.038999999988432,"R2c":3.5999999999825762,"c":23823572.110414,"d":27090572.966299}
